path,count,file_count,types,droidbot_count,haptest_count,sample1,sample2,sample3
event,3491,3491,object,3388,103,,,
event.event_type,3388,3388,str,3388,0,'kill_app','intent','touch'
event.log_lines,3388,3388,null,3388,0,None,None,None
event_str,3388,3388,str,3388,0,'KillAppEvent()',"""IntentEvent(intent='am start com.tencent.mm/com.tencent.mm.ui.LauncherUI')""","'TouchEvent(state=342e30dfaa4929e29c7b0e599e414076, view=46e950013b3546bfe101..."
start_state,3388,3388,str,3388,0,'c24a02dac066d0df1eb6b54d9fb71458','32cadf9973d6d3b6000004c89ecde7d0','342e30dfaa4929e29c7b0e599e414076'
stop_state,3388,3388,str,3388,0,'c24a02dac066d0df1eb6b54d9fb71458','51eff3843b8e639b4fd14760046fe834','d6cbafb84d5d1e843c5c796bfd13a7f5'
tag,3388,3388,str,3388,0,'2026-03-03_192923','2026-03-03_192929','2026-03-03_192933'
event.name,3327,3327,str,3327,0,'BACK','BACK','BACK'
to.viewTree.root.children[].children[].children[].children[].children[].bounds[].x,2746,99,int,0,2746,631,1138,683
to.viewTree.root.children[].children[].children[].children[].children[].bounds[].y,2746,99,int,0,2746,308,485,485
to.viewTree.root.children[].children[].children[].children[].children[].origBounds[].x,2746,99,int,0,2746,631,1138,683
to.viewTree.root.children[].children[].children[].children[].children[].origBounds[].y,2746,99,int,0,2746,308,485,485
from.viewTree.root.children[].children[].children[].children[].children[].bounds[].x,2716,98,int,0,2716,631,1138,683
from.viewTree.root.children[].children[].children[].children[].children[].bounds[].y,2716,98,int,0,2716,308,485,485
from.viewTree.root.children[].children[].children[].children[].children[].origBounds[].x,2716,98,int,0,2716,631,1138,683
from.viewTree.root.children[].children[].children[].children[].children[].origBounds[].y,2716,98,int,0,2716,308,485,485
to.viewTree.root.children[].children[].children[].children[].bounds[].x,1730,103,int,0,1730,878,957,1034
to.viewTree.root.children[].children[].children[].children[].bounds[].y,1730,103,int,0,1730,178,256,178
to.viewTree.root.children[].children[].children[].children[].origBounds[].x,1730,103,int,0,1730,878,957,1034
to.viewTree.root.children[].children[].children[].children[].origBounds[].y,1730,103,int,0,1730,178,256,178
from.viewTree.root.children[].children[].children[].children[].bounds[].x,1712,102,int,0,1712,878,957,1034
from.viewTree.root.children[].children[].children[].children[].bounds[].y,1712,102,int,0,1712,178,256,178
from.viewTree.root.children[].children[].children[].children[].origBounds[].x,1712,102,int,0,1712,878,957,1034
from.viewTree.root.children[].children[].children[].children[].origBounds[].y,1712,102,int,0,1712,178,256,178
to.viewTree.root.children[].children[].children[].children[].children[].bounds,1373,99,list,0,1373,,,
to.viewTree.root.children[].children[].children[].children[].children[].bounds[],1373,99,list,0,1373,,,
to.viewTree.root.children[].children[].children[].children[].children[].checkable,1373,99,bool,0,1373,False,False,False
to.viewTree.root.children[].children[].children[].children[].children[].checked,1373,99,bool,0,1373,False,False,False
to.viewTree.root.children[].children[].children[].children[].children[].children,1373,99,list,0,1373,,,
to.viewTree.root.children[].children[].children[].children[].children[].children[],1373,99,list,0,1373,,,
to.viewTree.root.children[].children[].children[].children[].children[].clickable,1373,99,bool,0,1373,True,False,True
to.viewTree.root.children[].children[].children[].children[].children[].enabled,1373,99,bool,0,1373,True,True,True
to.viewTree.root.children[].children[].children[].children[].children[].focused,1373,99,bool,0,1373,False,False,False
to.viewTree.root.children[].children[].children[].children[].children[].hint,1373,99,str,0,1373,'','',''
to.viewTree.root.children[].children[].children[].children[].children[].id,1373,99,str,0,1373,'','',''
to.viewTree.root.children[].children[].children[].children[].children[].key,1373,99,str,0,1373,'','',''
to.viewTree.root.children[].children[].children[].children[].children[].longClickable,1373,99,bool,0,1373,False,False,False
to.viewTree.root.children[].children[].children[].children[].children[].origBounds,1373,99,list,0,1373,,,
to.viewTree.root.children[].children[].children[].children[].children[].origBounds[],1373,99,list,0,1373,,,
to.viewTree.root.children[].children[].children[].children[].children[].scrollable,1373,99,bool,0,1373,False,False,False
to.viewTree.root.children[].children[].children[].children[].children[].selected,1373,99,bool,0,1373,False,False,False
to.viewTree.root.children[].children[].children[].children[].children[].text,1373,99,str,0,1373,'批量删除','','连接设备'
to.viewTree.root.children[].children[].children[].children[].children[].type,1373,99,str,0,1373,'Text','Divider','Text'
to.viewTree.root.children[].children[].children[].children[].children[].visible,1373,99,bool,0,1373,True,True,True
from.viewTree.root.children[].children[].children[].children[].children[].bounds,1358,98,list,0,1358,,,
from.viewTree.root.children[].children[].children[].children[].children[].bounds[],1358,98,list,0,1358,,,
from.viewTree.root.children[].children[].children[].children[].children[].checkable,1358,98,bool,0,1358,False,False,False
from.viewTree.root.children[].children[].children[].children[].children[].checked,1358,98,bool,0,1358,False,False,False
from.viewTree.root.children[].children[].children[].children[].children[].children,1358,98,list,0,1358,,,
from.viewTree.root.children[].children[].children[].children[].children[].children[],1358,98,list,0,1358,,,
from.viewTree.root.children[].children[].children[].children[].children[].clickable,1358,98,bool,0,1358,True,False,True
from.viewTree.root.children[].children[].children[].children[].children[].enabled,1358,98,bool,0,1358,True,True,True
from.viewTree.root.children[].children[].children[].children[].children[].focused,1358,98,bool,0,1358,False,False,False
from.viewTree.root.children[].children[].children[].children[].children[].hint,1358,98,str,0,1358,'','',''
from.viewTree.root.children[].children[].children[].children[].children[].id,1358,98,str,0,1358,'','',''
from.viewTree.root.children[].children[].children[].children[].children[].key,1358,98,str,0,1358,'','',''
from.viewTree.root.children[].children[].children[].children[].children[].longClickable,1358,98,bool,0,1358,False,False,False
from.viewTree.root.children[].children[].children[].children[].children[].origBounds,1358,98,list,0,1358,,,
from.viewTree.root.children[].children[].children[].children[].children[].origBounds[],1358,98,list,0,1358,,,
from.viewTree.root.children[].children[].children[].children[].children[].scrollable,1358,98,bool,0,1358,False,False,False
from.viewTree.root.children[].children[].children[].children[].children[].selected,1358,98,bool,0,1358,False,False,False
from.viewTree.root.children[].children[].children[].children[].children[].text,1358,98,str,0,1358,'批量删除','','连接设备'
from.viewTree.root.children[].children[].children[].children[].children[].type,1358,98,str,0,1358,'Text','Divider','Text'
from.viewTree.root.children[].children[].children[].children[].children[].visible,1358,98,bool,0,1358,True,True,True
to.viewTree.root.children[].children[].children[].bounds[].x,910,103,int,0,910,52,852,852
to.viewTree.root.children[].children[].children[].bounds[].y,910,103,int,0,910,173,261,152
to.viewTree.root.children[].children[].children[].origBounds[].x,910,103,int,0,910,52,852,852
to.viewTree.root.children[].children[].children[].origBounds[].y,910,103,int,0,910,173,261,152
from.viewTree.root.children[].children[].children[].bounds[].x,902,102,int,0,902,52,852,852
from.viewTree.root.children[].children[].children[].bounds[].y,902,102,int,0,902,173,261,152
from.viewTree.root.children[].children[].children[].origBounds[].x,902,102,int,0,902,52,852,852
from.viewTree.root.children[].children[].children[].origBounds[].y,902,102,int,0,902,173,261,152
to.viewTree.root.children[].children[].children[].children[].bounds,865,103,list,0,865,,,
to.viewTree.root.children[].children[].children[].children[].bounds[],865,103,list,0,865,,,
to.viewTree.root.children[].children[].children[].children[].checkable,865,103,bool,0,865,False,False,False
to.viewTree.root.children[].children[].children[].children[].checked,865,103,bool,0,865,False,False,False
to.viewTree.root.children[].children[].children[].children[].children,865,103,list,0,865,,,
to.viewTree.root.children[].children[].children[].children[].children[],865,103,list,0,865,,,
to.viewTree.root.children[].children[].children[].children[].clickable,865,103,bool,0,865,False,False,False
to.viewTree.root.children[].children[].children[].children[].enabled,865,103,bool,0,865,True,True,True
to.viewTree.root.children[].children[].children[].children[].focused,865,103,bool,0,865,False,False,False
to.viewTree.root.children[].children[].children[].children[].hint,865,103,str,0,865,'','',''
to.viewTree.root.children[].children[].children[].children[].id,865,103,str,0,865,'','',''
to.viewTree.root.children[].children[].children[].children[].key,865,103,str,0,865,'','',''
to.viewTree.root.children[].children[].children[].children[].longClickable,865,103,bool,0,865,False,False,False
to.viewTree.root.children[].children[].children[].children[].origBounds,865,103,list,0,865,,,
to.viewTree.root.children[].children[].children[].children[].origBounds[],865,103,list,0,865,,,
to.viewTree.root.children[].children[].children[].children[].scrollable,865,103,bool,0,865,False,False,False
to.viewTree.root.children[].children[].children[].children[].selected,865,103,bool,0,865,False,False,False
to.viewTree.root.children[].children[].children[].children[].text,865,103,str,0,865,'','',''
to.viewTree.root.children[].children[].children[].children[].type,865,103,str,0,865,'SymbolGlyph','SymbolGlyph','SymbolGlyph'
to.viewTree.root.children[].children[].children[].children[].visible,865,103,bool,0,865,True,True,True
from.viewTree.root.children[].children[].children[].children[].bounds,856,102,list,0,856,,,
from.viewTree.root.children[].children[].children[].children[].bounds[],856,102,list,0,856,,,
from.viewTree.root.children[].children[].children[].children[].checkable,856,102,bool,0,856,False,False,False
from.viewTree.root.children[].children[].children[].children[].checked,856,102,bool,0,856,False,False,False
from.viewTree.root.children[].children[].children[].children[].children,856,102,list,0,856,,,
from.viewTree.root.children[].children[].children[].children[].children[],856,102,list,0,856,,,
from.viewTree.root.children[].children[].children[].children[].clickable,856,102,bool,0,856,False,False,False
from.viewTree.root.children[].children[].children[].children[].enabled,856,102,bool,0,856,True,True,True
from.viewTree.root.children[].children[].children[].children[].focused,856,102,bool,0,856,False,False,False
from.viewTree.root.children[].children[].children[].children[].hint,856,102,str,0,856,'','',''
from.viewTree.root.children[].children[].children[].children[].id,856,102,str,0,856,'','',''
from.viewTree.root.children[].children[].children[].children[].key,856,102,str,0,856,'','',''
from.viewTree.root.children[].children[].children[].children[].longClickable,856,102,bool,0,856,False,False,False
from.viewTree.root.children[].children[].children[].children[].origBounds,856,102,list,0,856,,,
from.viewTree.root.children[].children[].children[].children[].origBounds[],856,102,list,0,856,,,
from.viewTree.root.children[].children[].children[].children[].scrollable,856,102,bool,0,856,False,False,False
from.viewTree.root.children[].children[].children[].children[].selected,856,102,bool,0,856,False,False,False
from.viewTree.root.children[].children[].children[].children[].text,856,102,str,0,856,'','',''
from.viewTree.root.children[].children[].children[].children[].type,856,102,str,0,856,'SymbolGlyph','SymbolGlyph','SymbolGlyph'
from.viewTree.root.children[].children[].children[].children[].visible,856,102,bool,0,856,True,True,True
to.viewTree.root.children[].children[].children[].bounds,455,103,list,0,455,,,
to.viewTree.root.children[].children[].children[].bounds[],455,103,list,0,455,,,
to.viewTree.root.children[].children[].children[].checkable,455,103,bool,0,455,False,False,False
to.viewTree.root.children[].children[].children[].checked,455,103,bool,0,455,False,False,False
to.viewTree.root.children[].children[].children[].children,455,103,list,0,455,,,
to.viewTree.root.children[].children[].children[].children[],455,103,list,0,455,,,
to.viewTree.root.children[].children[].children[].clickable,455,103,bool,0,455,False,True,True
to.viewTree.root.children[].children[].children[].enabled,455,103,bool,0,455,True,True,True
to.viewTree.root.children[].children[].children[].focused,455,103,bool,0,455,False,False,False
to.viewTree.root.children[].children[].children[].hint,455,103,str,0,455,'','',''
to.viewTree.root.children[].children[].children[].id,455,103,str,0,455,'','',''
to.viewTree.root.children[].children[].children[].key,455,103,str,0,455,'','',''
to.viewTree.root.children[].children[].children[].longClickable,455,103,bool,0,455,False,False,False
to.viewTree.root.children[].children[].children[].origBounds,455,103,list,0,455,,,
to.viewTree.root.children[].children[].children[].origBounds[],455,103,list,0,455,,,
to.viewTree.root.children[].children[].children[].scrollable,455,103,bool,0,455,False,False,False
to.viewTree.root.children[].children[].children[].selected,455,103,bool,0,455,False,False,False
to.viewTree.root.children[].children[].children[].text,455,103,str,0,455,'联系人','',''
to.viewTree.root.children[].children[].children[].type,455,103,str,0,455,'Text','Row','Row'
to.viewTree.root.children[].children[].children[].visible,455,103,bool,0,455,True,True,True
from.viewTree.root.children[].children[].children[].bounds,451,102,list,0,451,,,
from.viewTree.root.children[].children[].children[].bounds[],451,102,list,0,451,,,
from.viewTree.root.children[].children[].children[].checkable,451,102,bool,0,451,False,False,False
from.viewTree.root.children[].children[].children[].checked,451,102,bool,0,451,False,False,False
from.viewTree.root.children[].children[].children[].children,451,102,list,0,451,,,
from.viewTree.root.children[].children[].children[].children[],451,102,list,0,451,,,
from.viewTree.root.children[].children[].children[].clickable,451,102,bool,0,451,False,True,True
from.viewTree.root.children[].children[].children[].enabled,451,102,bool,0,451,True,True,True
from.viewTree.root.children[].children[].children[].focused,451,102,bool,0,451,False,False,False
from.viewTree.root.children[].children[].children[].hint,451,102,str,0,451,'','',''
from.viewTree.root.children[].children[].children[].id,451,102,str,0,451,'','',''
from.viewTree.root.children[].children[].children[].key,451,102,str,0,451,'','',''
from.viewTree.root.children[].children[].children[].longClickable,451,102,bool,0,451,False,False,False
from.viewTree.root.children[].children[].children[].origBounds,451,102,list,0,451,,,
from.viewTree.root.children[].children[].children[].origBounds[],451,102,list,0,451,,,
from.viewTree.root.children[].children[].children[].scrollable,451,102,bool,0,451,False,False,False
from.viewTree.root.children[].children[].children[].selected,451,102,bool,0,451,False,False,False
from.viewTree.root.children[].children[].children[].text,451,102,str,0,451,'联系人','',''
from.viewTree.root.children[].children[].children[].type,451,102,str,0,451,'Text','Row','Row'
from.viewTree.root.children[].children[].children[].visible,451,102,bool,0,451,True,True,True
to.viewTree.root.children[].children[].bounds[].x,420,103,int,0,420,52,1164,52
to.viewTree.root.children[].children[].bounds[].y,420,103,int,0,420,127,308,308
to.viewTree.root.children[].children[].origBounds[].x,420,103,int,0,420,52,1164,52
to.viewTree.root.children[].children[].origBounds[].y,420,103,int,0,420,126,308,308
from.viewTree.root.children[].children[].bounds[].x,416,102,int,0,416,52,1164,52
from.viewTree.root.children[].children[].bounds[].y,416,102,int,0,416,127,308,308
from.viewTree.root.children[].children[].origBounds[].x,416,102,int,0,416,52,1164,52
from.viewTree.root.children[].children[].origBounds[].y,416,102,int,0,416,126,308,308
to.viewTree.root.children[].bounds[].x,214,103,int,0,214,0,1216,0
to.viewTree.root.children[].bounds[].y,214,103,int,0,214,127,2688,127
to.viewTree.root.children[].origBounds[].x,214,103,int,0,214,0,1216,0
to.viewTree.root.children[].origBounds[].y,214,103,int,0,214,0,2688,0
from.viewTree.root.children[].bounds[].x,212,102,int,0,212,0,1216,0
from.viewTree.root.children[].bounds[].y,212,102,int,0,212,127,2688,127
from.viewTree.root.children[].origBounds[].x,212,102,int,0,212,0,1216,0
from.viewTree.root.children[].origBounds[].y,212,102,int,0,212,0,2688,0
to.viewTree.root.children[].children[].bounds,210,103,list,0,210,,,
to.viewTree.root.children[].children[].bounds[],210,103,list,0,210,,,
to.viewTree.root.children[].children[].checkable,210,103,bool,0,210,False,False,False
to.viewTree.root.children[].children[].checked,210,103,bool,0,210,False,False,False
to.viewTree.root.children[].children[].children,210,103,list,0,210,,,
to.viewTree.root.children[].children[].children[],210,103,list,0,210,,,
to.viewTree.root.children[].children[].clickable,210,103,bool,0,210,False,False,False
to.viewTree.root.children[].children[].enabled,210,103,bool,0,210,True,True,True
to.viewTree.root.children[].children[].focused,210,103,bool,0,210,False,False,False
to.viewTree.root.children[].children[].hint,210,103,str,0,210,'','',''
to.viewTree.root.children[].children[].id,210,103,str,0,210,'','',''
to.viewTree.root.children[].children[].key,210,103,str,0,210,'','',''
to.viewTree.root.children[].children[].longClickable,210,103,bool,0,210,False,False,False
to.viewTree.root.children[].children[].origBounds,210,103,list,0,210,,,
to.viewTree.root.children[].children[].origBounds[],210,103,list,0,210,,,
to.viewTree.root.children[].children[].scrollable,210,103,bool,0,210,False,False,False
to.viewTree.root.children[].children[].selected,210,103,bool,0,210,False,False,False
to.viewTree.root.children[].children[].text,210,103,str,0,210,'','',''
to.viewTree.root.children[].children[].type,210,103,str,0,210,'Flex','Column','Flex'
to.viewTree.root.children[].children[].visible,210,103,bool,0,210,True,True,True
from.viewTree.root.children[].children[].bounds,208,102,list,0,208,,,
from.viewTree.root.children[].children[].bounds[],208,102,list,0,208,,,
from.viewTree.root.children[].children[].checkable,208,102,bool,0,208,False,False,False
from.viewTree.root.children[].children[].checked,208,102,bool,0,208,False,False,False
from.viewTree.root.children[].children[].children,208,102,list,0,208,,,
from.viewTree.root.children[].children[].children[],208,102,list,0,208,,,
from.viewTree.root.children[].children[].clickable,208,102,bool,0,208,False,False,False
from.viewTree.root.children[].children[].enabled,208,102,bool,0,208,True,True,True
from.viewTree.root.children[].children[].focused,208,102,bool,0,208,False,False,False
from.viewTree.root.children[].children[].hint,208,102,str,0,208,'','',''
from.viewTree.root.children[].children[].id,208,102,str,0,208,'','',''
from.viewTree.root.children[].children[].key,208,102,str,0,208,'','',''
from.viewTree.root.children[].children[].longClickable,208,102,bool,0,208,False,False,False
from.viewTree.root.children[].children[].origBounds,208,102,list,0,208,,,
from.viewTree.root.children[].children[].origBounds[],208,102,list,0,208,,,
from.viewTree.root.children[].children[].scrollable,208,102,bool,0,208,False,False,False
from.viewTree.root.children[].children[].selected,208,102,bool,0,208,False,False,False
from.viewTree.root.children[].children[].text,208,102,str,0,208,'','',''
from.viewTree.root.children[].children[].type,208,102,str,0,208,'Flex','Column','Flex'
from.viewTree.root.children[].children[].visible,208,102,bool,0,208,True,True,True
to.viewTree.root.bounds[].x,206,103,int,0,206,0,1216,0
to.viewTree.root.bounds[].y,206,103,int,0,206,127,2688,127
to.viewTree.root.origBounds[].x,206,103,int,0,206,0,1216,0
to.viewTree.root.origBounds[].y,206,103,int,0,206,0,2688,0
from.viewTree.root.bounds[].x,204,102,int,0,204,0,1216,0
from.viewTree.root.bounds[].y,204,102,int,0,204,127,2688,127
from.viewTree.root.origBounds[].x,204,102,int,0,204,0,1216,0
from.viewTree.root.origBounds[].y,204,102,int,0,204,0,2688,0
event.component.bounds[].x,180,90,int,0,180,1008,1138,852
event.component.bounds[].y,180,90,int,0,180,152,282,152
event.component.origBounds[].x,180,90,int,0,180,1008,1138,852
event.component.origBounds[].y,180,90,int,0,180,152,282,152
to.viewTree.root.children[].bounds,107,103,list,0,107,,,
to.viewTree.root.children[].bounds[],107,103,list,0,107,,,
to.viewTree.root.children[].checkable,107,103,bool,0,107,False,False,False
to.viewTree.root.children[].checked,107,103,bool,0,107,False,False,False
to.viewTree.root.children[].children,107,103,list,0,107,,,
to.viewTree.root.children[].children[],107,103,list,0,107,,,
to.viewTree.root.children[].clickable,107,103,bool,0,107,False,False,False
to.viewTree.root.children[].enabled,107,103,bool,0,107,True,True,True
to.viewTree.root.children[].focused,107,103,bool,0,107,True,True,False
to.viewTree.root.children[].hint,107,103,str,0,107,'','',''
to.viewTree.root.children[].id,107,103,str,0,107,'','',''
to.viewTree.root.children[].key,107,103,str,0,107,'','',''
to.viewTree.root.children[].longClickable,107,103,bool,0,107,False,False,False
to.viewTree.root.children[].origBounds,107,103,list,0,107,,,
to.viewTree.root.children[].origBounds[],107,103,list,0,107,,,
to.viewTree.root.children[].scrollable,107,103,bool,0,107,False,False,False
to.viewTree.root.children[].selected,107,103,bool,0,107,False,False,False
to.viewTree.root.children[].text,107,103,str,0,107,'','',''
to.viewTree.root.children[].type,107,103,str,0,107,'Flex','Flex','Popup'
to.viewTree.root.children[].visible,107,103,bool,0,107,True,True,True
from.viewTree.root.children[].bounds,106,102,list,0,106,,,
from.viewTree.root.children[].bounds[],106,102,list,0,106,,,
from.viewTree.root.children[].checkable,106,102,bool,0,106,False,False,False
from.viewTree.root.children[].checked,106,102,bool,0,106,False,False,False
from.viewTree.root.children[].children,106,102,list,0,106,,,
from.viewTree.root.children[].children[],106,102,list,0,106,,,
from.viewTree.root.children[].clickable,106,102,bool,0,106,False,False,False
from.viewTree.root.children[].enabled,106,102,bool,0,106,True,True,True
from.viewTree.root.children[].focused,106,102,bool,0,106,True,True,False
from.viewTree.root.children[].hint,106,102,str,0,106,'','',''
from.viewTree.root.children[].id,106,102,str,0,106,'','',''
from.viewTree.root.children[].key,106,102,str,0,106,'','',''
from.viewTree.root.children[].longClickable,106,102,bool,0,106,False,False,False
from.viewTree.root.children[].origBounds,106,102,list,0,106,,,
from.viewTree.root.children[].origBounds[],106,102,list,0,106,,,
from.viewTree.root.children[].scrollable,106,102,bool,0,106,False,False,False
from.viewTree.root.children[].selected,106,102,bool,0,106,False,False,False
from.viewTree.root.children[].text,106,102,str,0,106,'','',''
from.viewTree.root.children[].type,106,102,str,0,106,'Flex','Flex','Popup'
from.viewTree.root.children[].visible,106,102,bool,0,106,True,True,True
event.type,103,103,str,0,103,'AbilityEvent','TouchEvent','TouchEvent'
from,103,103,object,0,103,,,
from.abilityName,103,103,str,0,103,'','EntryAbility','EntryAbility'
from.bundleName,103,103,str,0,103,'','com.example.distributedcontacts','com.example.distributedcontacts'
from.pagePath,103,103,str,0,103,'STOP','pages/ContactHomePage','pages/ContactHomePage'
from.snapshot,103,103,object,0,103,,,
from.snapshot.faultLogs,103,103,list,0,103,,,
from.snapshot.faultLogs[],103,103,list,0,103,,,
from.snapshot.screenCapPath,103,103,str,0,103,'D:\\GithubProjects\\hap-droid\\out\\2026-03-03-18-21-21\\temp\\screenCap_554...,'D:\\GithubProjects\\hap-droid\\out\\2026-03-03-18-21-21\\temp\\screenCap_556...,'D:\\GithubProjects\\hap-droid\\out\\2026-03-03-18-21-21\\temp\\screenCap_557...
from.snapshot.screenHeight,103,103,int,0,103,2688,2688,2688
from.snapshot.screenWidth,103,103,int,0,103,1216,1216,1216
from.snapshot.udid,103,103,str,0,103,'454D55057494E058383605D8BED605F4E41A28D49F646B491CF8600000000000','454D55057494E058383605D8BED605F4E41A28D49F646B491CF8600000000000','454D55057494E058383605D8BED605F4E41A28D49F646B491CF8600000000000'
from.viewTree,103,103,object,0,103,,,
from.viewTree.root,103,103,object,0,103,,,
from.viewTree.root.children,103,103,list,0,103,,,
from.viewTree.root.children[],103,103,list,0,103,,,
fromContentSig,103,103,str,0,103,'GLEqd2s3oOnLIwBPr8m2spSUb6I','hl4r-8AfZgRUbb3PmFwCIHsv3nI','mfEUnCcQCA8zApV8E-rWXT4l-fA'
to,103,103,object,0,103,,,
to.abilityName,103,103,str,0,103,'EntryAbility','EntryAbility','EntryAbility'
to.bundleName,103,103,str,0,103,'com.example.distributedcontacts','com.example.distributedcontacts','com.example.distributedcontacts'
to.pagePath,103,103,str,0,103,'pages/ContactHomePage','pages/ContactHomePage','pages/ContactHomePage'
to.snapshot,103,103,object,0,103,,,
to.snapshot.faultLogs,103,103,list,0,103,,,
to.snapshot.faultLogs[],103,103,list,0,103,,,
to.snapshot.screenCapPath,103,103,str,0,103,'D:\\GithubProjects\\hap-droid\\out\\2026-03-03-18-21-21\\temp\\screenCap_556...,'D:\\GithubProjects\\hap-droid\\out\\2026-03-03-18-21-21\\temp\\screenCap_557...,'D:\\GithubProjects\\hap-droid\\out\\2026-03-03-18-21-21\\temp\\screenCap_559...
to.snapshot.screenHeight,103,103,int,0,103,2688,2688,2688
to.snapshot.screenWidth,103,103,int,0,103,1216,1216,1216
to.snapshot.udid,103,103,str,0,103,'454D55057494E058383605D8BED605F4E41A28D49F646B491CF8600000000000','454D55057494E058383605D8BED605F4E41A28D49F646B491CF8600000000000','454D55057494E058383605D8BED605F4E41A28D49F646B491CF8600000000000'
to.viewTree,103,103,object,0,103,,,
to.viewTree.root,103,103,object,0,103,,,
to.viewTree.root.bounds,103,103,list,0,103,,,
to.viewTree.root.bounds[],103,103,list,0,103,,,
to.viewTree.root.checkable,103,103,bool,0,103,False,False,False
to.viewTree.root.checked,103,103,bool,0,103,False,False,False
to.viewTree.root.children,103,103,list,0,103,,,
to.viewTree.root.children[],103,103,list,0,103,,,
to.viewTree.root.clickable,103,103,bool,0,103,False,False,False
to.viewTree.root.enabled,103,103,bool,0,103,True,True,True
to.viewTree.root.focused,103,103,bool,0,103,True,True,True
to.viewTree.root.hint,103,103,str,0,103,'','',''
to.viewTree.root.id,103,103,str,0,103,'','',''
to.viewTree.root.key,103,103,str,0,103,'','',''
to.viewTree.root.longClickable,103,103,bool,0,103,False,False,False
to.viewTree.root.origBounds,103,103,list,0,103,,,
to.viewTree.root.origBounds[],103,103,list,0,103,,,
to.viewTree.root.scrollable,103,103,bool,0,103,False,False,False
to.viewTree.root.selected,103,103,bool,0,103,False,False,False
to.viewTree.root.text,103,103,str,0,103,'','',''
to.viewTree.root.type,103,103,str,0,103,'root','root','root'
to.viewTree.root.visible,103,103,bool,0,103,True,True,True
toContentSig,103,103,str,0,103,'GLEqd2s3oOnLIwBPr8m2spSUb6I','hl4r-8AfZgRUbb3PmFwCIHsv3nI','mfEUnCcQCA8zApV8E-rWXT4l-fA'
from.viewTree.root.bounds,102,102,list,0,102,,,
from.viewTree.root.bounds[],102,102,list,0,102,,,
from.viewTree.root.checkable,102,102,bool,0,102,False,False,False
from.viewTree.root.checked,102,102,bool,0,102,False,False,False
from.viewTree.root.clickable,102,102,bool,0,102,False,False,False
from.viewTree.root.enabled,102,102,bool,0,102,True,True,True
from.viewTree.root.focused,102,102,bool,0,102,True,True,True
from.viewTree.root.hint,102,102,str,0,102,'','',''
from.viewTree.root.id,102,102,str,0,102,'','',''
from.viewTree.root.key,102,102,str,0,102,'','',''
from.viewTree.root.longClickable,102,102,bool,0,102,False,False,False
from.viewTree.root.origBounds,102,102,list,0,102,,,
from.viewTree.root.origBounds[],102,102,list,0,102,,,
from.viewTree.root.scrollable,102,102,bool,0,102,False,False,False
from.viewTree.root.selected,102,102,bool,0,102,False,False,False
from.viewTree.root.text,102,102,str,0,102,'','',''
from.viewTree.root.type,102,102,str,0,102,'root','root','root'
from.viewTree.root.visible,102,102,bool,0,102,True,True,True
event.point,101,101,object,0,101,,,
event.point.x,101,101,int,0,101,1073,917,917
event.point.y,101,101,int,0,101,217,217,217
event.component,90,90,object,0,90,,,
event.component.bounds,90,90,list,0,90,,,
event.component.bounds[],90,90,list,0,90,,,
event.component.checkable,90,90,bool,0,90,False,False,False
event.component.checked,90,90,bool,0,90,False,False,False
event.component.children,90,90,list,0,90,,,
event.component.children[],90,90,list,0,90,,,
event.component.clickable,90,90,bool,0,90,True,True,True
event.component.enabled,90,90,bool,0,90,True,True,True
event.component.focused,90,90,bool,0,90,False,False,False
event.component.hint,90,90,str,0,90,'','',''
event.component.id,90,90,str,0,90,'','',''
event.component.key,90,90,str,0,90,'','',''
event.component.longClickable,90,90,bool,0,90,False,False,False
event.component.origBounds,90,90,list,0,90,,,
event.component.origBounds[],90,90,list,0,90,,,
event.component.scrollable,90,90,bool,0,90,False,False,False
event.component.selected,90,90,bool,0,90,False,False,False
event.component.text,90,90,str,0,90,'','',''
event.component.type,90,90,str,0,90,'Row','Row','Row'
event.component.visible,90,90,bool,0,90,True,True,True
event.view.bounds[][],86,43,list,86,0,,,
event.component.children[].children[].children[].bounds[].x,66,4,int,0,66,91,170,209
event.component.children[].children[].children[].bounds[].y,66,4,int,0,66,461,539,470
event.component.children[].children[].children[].origBounds[].x,66,4,int,0,66,91,170,209
event.component.children[].children[].children[].origBounds[].y,66,4,int,0,66,461,539,470
event.component.children[].bounds[].x,46,23,int,0,46,1034,1113,878
event.component.children[].bounds[].y,46,23,int,0,46,178,256,178
event.component.children[].origBounds[].x,46,23,int,0,46,1034,1113,878
event.component.children[].origBounds[].y,46,23,int,0,46,178,256,178
event.view,43,43,object,43,0,,,
event.view.bounds,43,43,list,43,0,,,
event.view.bounds[],43,43,list,43,0,,,
event.view.checkable,43,43,bool,43,0,False,False,False
event.view.checked,43,43,bool,43,0,False,False,False
event.view.child_count,43,43,int,43,0,0,0,1
event.view.children,43,43,list,43,0,,,
event.view.children[],43,43,list,43,0,,,
event.view.class,43,43,str,43,0,'android.widget.FrameLayout','android.widget.Button','android.widget.LinearLayout'
event.view.clickable,43,43,bool,43,0,False,True,True
event.view.content_description,43,43,"null,str",43,0,None,None,None
event.view.content_free_signature,43,43,str,43,0,'[class]android.widget.FrameLayout[resource_id]android:id/content','[class]android.widget.Button[resource_id]com.tencent.mm:id/mje','[class]android.widget.LinearLayout[resource_id]com.tencent.mm:id/actionbar_u...
event.view.editable,43,43,bool,43,0,False,False,False
event.view.enabled,43,43,bool,43,0,True,True,True
event.view.focusable,43,43,bool,43,0,False,True,True
event.view.focused,43,43,bool,43,0,False,False,False
event.view.is_password,43,43,bool,43,0,False,False,False
event.view.long_clickable,43,43,bool,43,0,False,False,False
event.view.package,43,43,str,43,0,'com.tencent.mm','com.tencent.mm','com.tencent.mm'
event.view.parent,43,43,int,43,0,1,11,8
event.view.resource_id,43,43,"null,str",43,0,'android:id/content','com.tencent.mm:id/mje','com.tencent.mm:id/actionbar_up_indicator'
event.view.scrollable,43,43,bool,43,0,False,False,False
event.view.selected,43,43,bool,43,0,False,False,False
event.view.signature,43,43,str,43,0,'[class]android.widget.FrameLayout[resource_id]android:id/content[text]None[e...,'[class]android.widget.Button[resource_id]com.tencent.mm:id/mje[text]登录[enabl...,'[class]android.widget.LinearLayout[resource_id]com.tencent.mm:id/actionbar_u...
event.view.size,43,43,str,43,0,'1440*2506','288*113','81*99'
event.view.temp_id,43,43,int,43,0,2,12,15
event.view.text,43,43,"null,str",43,0,None,'登录',None
event.view.view_str,43,43,str,43,0,'46e950013b3546bfe101463d1d3a9f1e','37847b76b28db0c10ef8b1f2321574c1','649309ed9d3c91256a215fb14d4e1810'
event.view.visible,43,43,bool,43,0,True,True,True
event.x,43,43,null,43,0,None,None,None
event.y,43,43,null,43,0,None,None,None
event.component.children[].children[].children[].bounds,33,4,list,0,33,,,
event.component.children[].children[].children[].bounds[],33,4,list,0,33,,,
event.component.children[].children[].children[].checkable,33,4,bool,0,33,False,False,False
event.component.children[].children[].children[].checked,33,4,bool,0,33,False,False,False
event.component.children[].children[].children[].children,33,4,list,0,33,,,
event.component.children[].children[].children[].children[],33,4,list,0,33,,,
event.component.children[].children[].children[].clickable,33,4,bool,0,33,False,False,False
event.component.children[].children[].children[].enabled,33,4,bool,0,33,True,True,False
event.component.children[].children[].children[].focused,33,4,bool,0,33,False,False,False
event.component.children[].children[].children[].hint,33,4,str,0,33,'','',''
event.component.children[].children[].children[].id,33,4,str,0,33,'','',''
event.component.children[].children[].children[].key,33,4,str,0,33,'','',''
event.component.children[].children[].children[].longClickable,33,4,bool,0,33,False,False,False
event.component.children[].children[].children[].origBounds,33,4,list,0,33,,,
event.component.children[].children[].children[].origBounds[],33,4,list,0,33,,,
event.component.children[].children[].children[].scrollable,33,4,bool,0,33,False,False,False
event.component.children[].children[].children[].selected,33,4,bool,0,33,False,False,False
event.component.children[].children[].children[].text,33,4,str,0,33,'','姓名',''
event.component.children[].children[].children[].type,33,4,str,0,33,'SymbolGlyph','Text','TextInput'
event.component.children[].children[].children[].visible,33,4,bool,0,33,True,True,True
event.component.children[].children[].bounds[].x,28,4,int,0,28,517,699,52
event.component.children[].children[].bounds[].y,28,4,int,0,28,308,331,383
event.component.children[].children[].origBounds[].x,28,4,int,0,28,517,699,52
event.component.children[].children[].origBounds[].y,28,4,int,0,28,149,331,383
event.direct,28,28,int,0,28,0,2,0
event.speed,28,28,int,0,28,40000,40000,40000
event.step,28,28,int,0,28,60,60,60
event.text,28,28,str,0,28,'qXG9HxVXJIOoRI8Vr7QJOXl5o6r4zGJdpjqXwdlUqwvZClBFg9mbToHXpMsWDTpeiSHOtEMTPM2B...,'4Yy9pRIVtm22XM9r4fxvCcRGims1Z7UX','F'
event.component.children[].bounds,23,23,list,0,23,,,
event.component.children[].bounds[],23,23,list,0,23,,,
event.component.children[].checkable,23,23,bool,0,23,False,False,False
event.component.children[].checked,23,23,bool,0,23,False,False,False
event.component.children[].children,23,23,list,0,23,,,
event.component.children[].children[],23,23,list,0,23,,,
event.component.children[].clickable,23,23,bool,0,23,False,False,False
event.component.children[].enabled,23,23,bool,0,23,True,True,True
event.component.children[].focused,23,23,bool,0,23,False,False,False
event.component.children[].hint,23,23,str,0,23,'','',''
event.component.children[].id,23,23,str,0,23,'','',''
event.component.children[].key,23,23,str,0,23,'','',''
event.component.children[].longClickable,23,23,bool,0,23,False,False,False
event.component.children[].origBounds,23,23,list,0,23,,,
event.component.children[].origBounds[],23,23,list,0,23,,,
event.component.children[].scrollable,23,23,bool,0,23,False,False,False
event.component.children[].selected,23,23,bool,0,23,False,False,False
event.component.children[].text,23,23,str,0,23,'','',''
event.component.children[].type,23,23,str,0,23,'SymbolGlyph','SymbolGlyph','SymbolGlyph'
event.component.children[].visible,23,23,bool,0,23,True,True,True
event.intent,17,17,str,17,0,'am start com.tencent.mm/com.tencent.mm.ui.LauncherUI','am start com.tencent.mm/com.tencent.mm.ui.LauncherUI','am force-stop com.tencent.mm'
event.view.allowed_actions,16,16,list,16,0,,,
event.view.allowed_actions[],16,16,list,16,0,,,
event.view.desc,16,16,str,16,0,"'<button bound_box=230,2334,518,2447>登录</button>'","'<button bound_box=922,2334,1210,2447>注册</button>'","'<button bound_box=1318,99,1407,169>语言</button>'"
event.view.local_id,16,16,str,16,0,'0','1','2'
event.view.special_attrs,16,16,list,16,0,,,
event.view.special_attrs[],16,16,list,16,0,,,
event.component.children[].children[].bounds,14,4,list,0,14,,,
event.component.children[].children[].bounds[],14,4,list,0,14,,,
event.component.children[].children[].checkable,14,4,bool,0,14,False,False,False
event.component.children[].children[].checked,14,4,bool,0,14,False,False,False
event.component.children[].children[].children,14,4,list,0,14,,,
event.component.children[].children[].children[],14,4,list,0,14,,,
event.component.children[].children[].clickable,14,4,bool,0,14,False,False,False
event.component.children[].children[].enabled,14,4,bool,0,14,True,True,True
event.component.children[].children[].focused,14,4,bool,0,14,False,False,False
event.component.children[].children[].hint,14,4,str,0,14,'','',''
event.component.children[].children[].id,14,4,str,0,14,'','',''
event.component.children[].children[].key,14,4,str,0,14,'','',''
event.component.children[].children[].longClickable,14,4,bool,0,14,False,False,False
event.component.children[].children[].origBounds,14,4,list,0,14,,,
event.component.children[].children[].origBounds[],14,4,list,0,14,,,
event.component.children[].children[].scrollable,14,4,bool,0,14,False,False,False
event.component.children[].children[].selected,14,4,bool,0,14,False,False,False
event.component.children[].children[].text,14,4,str,0,14,'','',''
event.component.children[].children[].type,14,4,str,0,14,'Image','Row','Row'
event.component.children[].children[].visible,14,4,bool,0,14,True,True,True
from.viewTree.root.children[].children[].children[].children[].children[].children[].children[].children[].children[].bounds[].x,12,3,int,0,12,52,208,269
from.viewTree.root.children[].children[].children[].children[].children[].children[].children[].children[].children[].bounds[].y,12,3,int,0,12,568,724,616
from.viewTree.root.children[].children[].children[].children[].children[].children[].children[].children[].children[].children[].bounds[].x,12,3,int,0,12,52,208,269
from.viewTree.root.children[].children[].children[].children[].children[].children[].children[].children[].children[].children[].bounds[].y,12,3,int,0,12,568,724,616
from.viewTree.root.children[].children[].children[].children[].children[].children[].children[].children[].children[].children[].origBounds[].x,12,3,int,0,12,52,208,269
from.viewTree.root.children[].children[].children[].children[].children[].children[].children[].children[].children[].children[].origBounds[].y,12,3,int,0,12,568,724,616
from.viewTree.root.children[].children[].children[].children[].children[].children[].children[].children[].children[].origBounds[].x,12,3,int,0,12,52,208,269
from.viewTree.root.children[].children[].children[].children[].children[].children[].children[].children[].children[].origBounds[].y,12,3,int,0,12,568,724,616
to.viewTree.root.children[].children[].children[].children[].children[].children[].children[].children[].children[].bounds[].x,12,3,int,0,12,52,208,269
to.viewTree.root.children[].children[].children[].children[].children[].children[].children[].children[].children[].bounds[].y,12,3,int,0,12,568,724,616
to.viewTree.root.children[].children[].children[].children[].children[].children[].children[].children[].children[].children[].bounds[].x,12,3,int,0,12,52,208,269
to.viewTree.root.children[].children[].children[].children[].children[].children[].children[].children[].children[].children[].bounds[].y,12,3,int,0,12,568,724,616
to.viewTree.root.children[].children[].children[].children[].children[].children[].children[].children[].children[].children[].origBounds[].x,12,3,int,0,12,52,208,269
to.viewTree.root.children[].children[].children[].children[].children[].children[].children[].children[].children[].children[].origBounds[].y,12,3,int,0,12,568,724,616
to.viewTree.root.children[].children[].children[].children[].children[].children[].children[].children[].children[].origBounds[].x,12,3,int,0,12,52,208,269
to.viewTree.root.children[].children[].children[].children[].children[].children[].children[].children[].children[].origBounds[].y,12,3,int,0,12,568,724,616
event.component.children[].children[].children[].children[].bounds[].x,10,2,int,0,10,153,594,607
event.component.children[].children[].children[].children[].bounds[].y,10,2,int,0,10,1326,1456,1352
event.component.children[].children[].children[].children[].origBounds[].x,10,2,int,0,10,153,594,607
event.component.children[].children[].children[].children[].origBounds[].y,10,2,int,0,10,1326,1456,1352
from.viewTree.root.children[].children[].children[].children[].children[].children[].bounds[].x,6,3,int,0,6,52,1164,52
from.viewTree.root.children[].children[].children[].children[].children[].children[].bounds[].y,6,3,int,0,6,568,724,568
from.viewTree.root.children[].children[].children[].children[].children[].children[].children[].bounds[].x,6,3,int,0,6,52,1164,52
from.viewTree.root.children[].children[].children[].children[].children[].children[].children[].bounds[].y,6,3,int,0,6,568,724,568
from.viewTree.root.children[].children[].children[].children[].children[].children[].children[].children[].bounds[].x,6,3,int,0,6,52,1164,52
from.viewTree.root.children[].children[].children[].children[].children[].children[].children[].children[].bounds[].y,6,3,int,0,6,568,724,568
from.viewTree.root.children[].children[].children[].children[].children[].children[].children[].children[].children[].bounds,6,3,list,0,6,,,
from.viewTree.root.children[].children[].children[].children[].children[].children[].children[].children[].children[].bounds[],6,3,list,0,6,,,
from.viewTree.root.children[].children[].children[].children[].children[].children[].children[].children[].children[].checkable,6,3,bool,0,6,False,False,False
from.viewTree.root.children[].children[].children[].children[].children[].children[].children[].children[].children[].checked,6,3,bool,0,6,False,False,False
from.viewTree.root.children[].children[].children[].children[].children[].children[].children[].children[].children[].children,6,3,list,0,6,,,
from.viewTree.root.children[].children[].children[].children[].children[].children[].children[].children[].children[].children[],6,3,list,0,6,,,
from.viewTree.root.children[].children[].children[].children[].children[].children[].children[].children[].children[].children[].bounds,6,3,list,0,6,,,
from.viewTree.root.children[].children[].children[].children[].children[].children[].children[].children[].children[].children[].bounds[],6,3,list,0,6,,,
from.viewTree.root.children[].children[].children[].children[].children[].children[].children[].children[].children[].children[].checkable,6,3,bool,0,6,False,False,False
from.viewTree.root.children[].children[].children[].children[].children[].children[].children[].children[].children[].children[].checked,6,3,bool,0,6,False,False,False
from.viewTree.root.children[].children[].children[].children[].children[].children[].children[].children[].children[].children[].children,6,3,list,0,6,,,
from.viewTree.root.children[].children[].children[].children[].children[].children[].children[].children[].children[].children[].children[],6,3,list,0,6,,,
from.viewTree.root.children[].children[].children[].children[].children[].children[].children[].children[].children[].children[].clickable,6,3,bool,0,6,False,False,False
from.viewTree.root.children[].children[].children[].children[].children[].children[].children[].children[].children[].children[].enabled,6,3,bool,0,6,True,True,True
from.viewTree.root.children[].children[].children[].children[].children[].children[].children[].children[].children[].children[].focused,6,3,bool,0,6,False,False,False
from.viewTree.root.children[].children[].children[].children[].children[].children[].children[].children[].children[].children[].hint,6,3,str,0,6,'','',''
from.viewTree.root.children[].children[].children[].children[].children[].children[].children[].children[].children[].children[].id,6,3,str,0,6,'','',''
from.viewTree.root.children[].children[].children[].children[].children[].children[].children[].children[].children[].children[].key,6,3,str,0,6,'','',''
from.viewTree.root.children[].children[].children[].children[].children[].children[].children[].children[].children[].children[].longClickable,6,3,bool,0,6,False,False,False
from.viewTree.root.children[].children[].children[].children[].children[].children[].children[].children[].children[].children[].origBounds,6,3,list,0,6,,,
from.viewTree.root.children[].children[].children[].children[].children[].children[].children[].children[].children[].children[].origBounds[],6,3,list,0,6,,,
from.viewTree.root.children[].children[].children[].children[].children[].children[].children[].children[].children[].children[].scrollable,6,3,bool,0,6,False,False,False
from.viewTree.root.children[].children[].children[].children[].children[].children[].children[].children[].children[].children[].selected,6,3,bool,0,6,False,False,False
from.viewTree.root.children[].children[].children[].children[].children[].children[].children[].children[].children[].children[].text,6,3,str,0,6,'','4Yy9pRIVtm',''
from.viewTree.root.children[].children[].children[].children[].children[].children[].children[].children[].children[].children[].type,6,3,str,0,6,'SymbolGlyph','Text','SymbolGlyph'
from.viewTree.root.children[].children[].children[].children[].children[].children[].children[].children[].children[].children[].visible,6,3,bool,0,6,True,True,True
from.viewTree.root.children[].children[].children[].children[].children[].children[].children[].children[].children[].clickable,6,3,bool,0,6,False,False,False
from.viewTree.root.children[].children[].children[].children[].children[].children[].children[].children[].children[].enabled,6,3,bool,0,6,True,True,True
from.viewTree.root.children[].children[].children[].children[].children[].children[].children[].children[].children[].focused,6,3,bool,0,6,False,False,False
from.viewTree.root.children[].children[].children[].children[].children[].children[].children[].children[].children[].hint,6,3,str,0,6,'','',''
from.viewTree.root.children[].children[].children[].children[].children[].children[].children[].children[].children[].id,6,3,str,0,6,'','',''
from.viewTree.root.children[].children[].children[].children[].children[].children[].children[].children[].children[].key,6,3,str,0,6,'','',''
from.viewTree.root.children[].children[].children[].children[].children[].children[].children[].children[].children[].longClickable,6,3,bool,0,6,False,False,False
from.viewTree.root.children[].children[].children[].children[].children[].children[].children[].children[].children[].origBounds,6,3,list,0,6,,,
from.viewTree.root.children[].children[].children[].children[].children[].children[].children[].children[].children[].origBounds[],6,3,list,0,6,,,
from.viewTree.root.children[].children[].children[].children[].children[].children[].children[].children[].children[].scrollable,6,3,bool,0,6,False,False,False
from.viewTree.root.children[].children[].children[].children[].children[].children[].children[].children[].children[].selected,6,3,bool,0,6,False,False,False
from.viewTree.root.children[].children[].children[].children[].children[].children[].children[].children[].children[].text,6,3,str,0,6,'','',''
from.viewTree.root.children[].children[].children[].children[].children[].children[].children[].children[].children[].type,6,3,str,0,6,'Row','Column','Row'
from.viewTree.root.children[].children[].children[].children[].children[].children[].children[].children[].children[].visible,6,3,bool,0,6,True,True,True
from.viewTree.root.children[].children[].children[].children[].children[].children[].children[].children[].origBounds[].x,6,3,int,0,6,52,1164,52
from.viewTree.root.children[].children[].children[].children[].children[].children[].children[].children[].origBounds[].y,6,3,int,0,6,568,724,568
from.viewTree.root.children[].children[].children[].children[].children[].children[].children[].origBounds[].x,6,3,int,0,6,52,1164,52
from.viewTree.root.children[].children[].children[].children[].children[].children[].children[].origBounds[].y,6,3,int,0,6,568,724,568
from.viewTree.root.children[].children[].children[].children[].children[].children[].origBounds[].x,6,3,int,0,6,52,1164,52
from.viewTree.root.children[].children[].children[].children[].children[].children[].origBounds[].y,6,3,int,0,6,568,724,568
to.viewTree.root.children[].children[].children[].children[].children[].children[].bounds[].x,6,3,int,0,6,52,1164,52
to.viewTree.root.children[].children[].children[].children[].children[].children[].bounds[].y,6,3,int,0,6,568,724,568
to.viewTree.root.children[].children[].children[].children[].children[].children[].children[].bounds[].x,6,3,int,0,6,52,1164,52
to.viewTree.root.children[].children[].children[].children[].children[].children[].children[].bounds[].y,6,3,int,0,6,568,724,568
to.viewTree.root.children[].children[].children[].children[].children[].children[].children[].children[].bounds[].x,6,3,int,0,6,52,1164,52
to.viewTree.root.children[].children[].children[].children[].children[].children[].children[].children[].bounds[].y,6,3,int,0,6,568,724,568
to.viewTree.root.children[].children[].children[].children[].children[].children[].children[].children[].children[].bounds,6,3,list,0,6,,,
to.viewTree.root.children[].children[].children[].children[].children[].children[].children[].children[].children[].bounds[],6,3,list,0,6,,,
to.viewTree.root.children[].children[].children[].children[].children[].children[].children[].children[].children[].checkable,6,3,bool,0,6,False,False,False
to.viewTree.root.children[].children[].children[].children[].children[].children[].children[].children[].children[].checked,6,3,bool,0,6,False,False,False
to.viewTree.root.children[].children[].children[].children[].children[].children[].children[].children[].children[].children,6,3,list,0,6,,,
to.viewTree.root.children[].children[].children[].children[].children[].children[].children[].children[].children[].children[],6,3,list,0,6,,,
to.viewTree.root.children[].children[].children[].children[].children[].children[].children[].children[].children[].children[].bounds,6,3,list,0,6,,,
to.viewTree.root.children[].children[].children[].children[].children[].children[].children[].children[].children[].children[].bounds[],6,3,list,0,6,,,
to.viewTree.root.children[].children[].children[].children[].children[].children[].children[].children[].children[].children[].checkable,6,3,bool,0,6,False,False,False
to.viewTree.root.children[].children[].children[].children[].children[].children[].children[].children[].children[].children[].checked,6,3,bool,0,6,False,False,False
to.viewTree.root.children[].children[].children[].children[].children[].children[].children[].children[].children[].children[].children,6,3,list,0,6,,,
to.viewTree.root.children[].children[].children[].children[].children[].children[].children[].children[].children[].children[].children[],6,3,list,0,6,,,
to.viewTree.root.children[].children[].children[].children[].children[].children[].children[].children[].children[].children[].clickable,6,3,bool,0,6,False,False,False
to.viewTree.root.children[].children[].children[].children[].children[].children[].children[].children[].children[].children[].enabled,6,3,bool,0,6,True,True,True
to.viewTree.root.children[].children[].children[].children[].children[].children[].children[].children[].children[].children[].focused,6,3,bool,0,6,False,False,False
to.viewTree.root.children[].children[].children[].children[].children[].children[].children[].children[].children[].children[].hint,6,3,str,0,6,'','',''
to.viewTree.root.children[].children[].children[].children[].children[].children[].children[].children[].children[].children[].id,6,3,str,0,6,'','',''
to.viewTree.root.children[].children[].children[].children[].children[].children[].children[].children[].children[].children[].key,6,3,str,0,6,'','',''
to.viewTree.root.children[].children[].children[].children[].children[].children[].children[].children[].children[].children[].longClickable,6,3,bool,0,6,False,False,False
to.viewTree.root.children[].children[].children[].children[].children[].children[].children[].children[].children[].children[].origBounds,6,3,list,0,6,,,
to.viewTree.root.children[].children[].children[].children[].children[].children[].children[].children[].children[].children[].origBounds[],6,3,list,0,6,,,
to.viewTree.root.children[].children[].children[].children[].children[].children[].children[].children[].children[].children[].scrollable,6,3,bool,0,6,False,False,False
to.viewTree.root.children[].children[].children[].children[].children[].children[].children[].children[].children[].children[].selected,6,3,bool,0,6,False,False,False
to.viewTree.root.children[].children[].children[].children[].children[].children[].children[].children[].children[].children[].text,6,3,str,0,6,'','4Yy9pRIVtm',''
to.viewTree.root.children[].children[].children[].children[].children[].children[].children[].children[].children[].children[].type,6,3,str,0,6,'SymbolGlyph','Text','SymbolGlyph'
to.viewTree.root.children[].children[].children[].children[].children[].children[].children[].children[].children[].children[].visible,6,3,bool,0,6,True,True,True
to.viewTree.root.children[].children[].children[].children[].children[].children[].children[].children[].children[].clickable,6,3,bool,0,6,False,False,False
to.viewTree.root.children[].children[].children[].children[].children[].children[].children[].children[].children[].enabled,6,3,bool,0,6,True,True,True
to.viewTree.root.children[].children[].children[].children[].children[].children[].children[].children[].children[].focused,6,3,bool,0,6,False,False,False
to.viewTree.root.children[].children[].children[].children[].children[].children[].children[].children[].children[].hint,6,3,str,0,6,'','',''
to.viewTree.root.children[].children[].children[].children[].children[].children[].children[].children[].children[].id,6,3,str,0,6,'','',''
to.viewTree.root.children[].children[].children[].children[].children[].children[].children[].children[].children[].key,6,3,str,0,6,'','',''
to.viewTree.root.children[].children[].children[].children[].children[].children[].children[].children[].children[].longClickable,6,3,bool,0,6,False,False,False
to.viewTree.root.children[].children[].children[].children[].children[].children[].children[].children[].children[].origBounds,6,3,list,0,6,,,
to.viewTree.root.children[].children[].children[].children[].children[].children[].children[].children[].children[].origBounds[],6,3,list,0,6,,,
to.viewTree.root.children[].children[].children[].children[].children[].children[].children[].children[].children[].scrollable,6,3,bool,0,6,False,False,False
to.viewTree.root.children[].children[].children[].children[].children[].children[].children[].children[].children[].selected,6,3,bool,0,6,False,False,False
to.viewTree.root.children[].children[].children[].children[].children[].children[].children[].children[].children[].text,6,3,str,0,6,'','',''
to.viewTree.root.children[].children[].children[].children[].children[].children[].children[].children[].children[].type,6,3,str,0,6,'Row','Column','Row'
to.viewTree.root.children[].children[].children[].children[].children[].children[].children[].children[].children[].visible,6,3,bool,0,6,True,True,True
to.viewTree.root.children[].children[].children[].children[].children[].children[].children[].children[].origBounds[].x,6,3,int,0,6,52,1164,52
to.viewTree.root.children[].children[].children[].children[].children[].children[].children[].children[].origBounds[].y,6,3,int,0,6,568,724,568
to.viewTree.root.children[].children[].children[].children[].children[].children[].children[].origBounds[].x,6,3,int,0,6,52,1164,52
to.viewTree.root.children[].children[].children[].children[].children[].children[].children[].origBounds[].y,6,3,int,0,6,568,724,568
to.viewTree.root.children[].children[].children[].children[].children[].children[].origBounds[].x,6,3,int,0,6,52,1164,52
to.viewTree.root.children[].children[].children[].children[].children[].children[].origBounds[].y,6,3,int,0,6,568,724,568
event.component.children[].children[].children[].children[].bounds,5,2,list,0,5,,,
event.component.children[].children[].children[].children[].bounds[],5,2,list,0,5,,,
event.component.children[].children[].children[].children[].checkable,5,2,bool,0,5,False,False,False
event.component.children[].children[].children[].children[].checked,5,2,bool,0,5,False,False,False
event.component.children[].children[].children[].children[].children,5,2,list,0,5,,,
event.component.children[].children[].children[].children[].children[],5,2,list,0,5,,,
event.component.children[].children[].children[].children[].clickable,5,2,bool,0,5,True,False,True
event.component.children[].children[].children[].children[].enabled,5,2,bool,0,5,True,True,True
event.component.children[].children[].children[].children[].focused,5,2,bool,0,5,False,False,False
event.component.children[].children[].children[].children[].hint,5,2,str,0,5,'','',''
event.component.children[].children[].children[].children[].id,5,2,str,0,5,'','',''
event.component.children[].children[].children[].children[].key,5,2,str,0,5,'','',''
event.component.children[].children[].children[].children[].longClickable,5,2,bool,0,5,False,False,False
event.component.children[].children[].children[].children[].origBounds,5,2,list,0,5,,,
event.component.children[].children[].children[].children[].origBounds[],5,2,list,0,5,,,
event.component.children[].children[].children[].children[].scrollable,5,2,bool,0,5,False,False,False
event.component.children[].children[].children[].children[].selected,5,2,bool,0,5,False,False,False
event.component.children[].children[].children[].children[].text,5,2,str,0,5,'取消','','确认'
event.component.children[].children[].children[].children[].type,5,2,str,0,5,'Button','Divider','Button'
event.component.children[].children[].children[].children[].visible,5,2,bool,0,5,True,True,True
event.component.children[].children[].children[].children[].children[].bounds[].x,4,1,int,0,4,52,208,269
event.component.children[].children[].children[].children[].children[].bounds[].y,4,1,int,0,4,568,724,616
event.component.children[].children[].children[].children[].children[].origBounds[].x,4,1,int,0,4,52,208,269
event.component.children[].children[].children[].children[].children[].origBounds[].y,4,1,int,0,4,568,724,616
event.duration,4,4,int,4,0,2000,2000,2000
from.viewTree.root.children[].children[].children[].children[].children[].children[].bounds,3,3,list,0,3,,,
from.viewTree.root.children[].children[].children[].children[].children[].children[].bounds[],3,3,list,0,3,,,
from.viewTree.root.children[].children[].children[].children[].children[].children[].checkable,3,3,bool,0,3,False,False,False
from.viewTree.root.children[].children[].children[].children[].children[].children[].checked,3,3,bool,0,3,False,False,False
from.viewTree.root.children[].children[].children[].children[].children[].children[].children,3,3,list,0,3,,,
from.viewTree.root.children[].children[].children[].children[].children[].children[].children[],3,3,list,0,3,,,
from.viewTree.root.children[].children[].children[].children[].children[].children[].children[].bounds,3,3,list,0,3,,,
from.viewTree.root.children[].children[].children[].children[].children[].children[].children[].bounds[],3,3,list,0,3,,,
from.viewTree.root.children[].children[].children[].children[].children[].children[].children[].checkable,3,3,bool,0,3,False,False,False
from.viewTree.root.children[].children[].children[].children[].children[].children[].children[].checked,3,3,bool,0,3,False,False,False
from.viewTree.root.children[].children[].children[].children[].children[].children[].children[].children,3,3,list,0,3,,,
from.viewTree.root.children[].children[].children[].children[].children[].children[].children[].children[],3,3,list,0,3,,,
from.viewTree.root.children[].children[].children[].children[].children[].children[].children[].children[].bounds,3,3,list,0,3,,,
from.viewTree.root.children[].children[].children[].children[].children[].children[].children[].children[].bounds[],3,3,list,0,3,,,
from.viewTree.root.children[].children[].children[].children[].children[].children[].children[].children[].checkable,3,3,bool,0,3,False,False,False
from.viewTree.root.children[].children[].children[].children[].children[].children[].children[].children[].checked,3,3,bool,0,3,False,False,False
from.viewTree.root.children[].children[].children[].children[].children[].children[].children[].children[].children,3,3,list,0,3,,,
from.viewTree.root.children[].children[].children[].children[].children[].children[].children[].children[].children[],3,3,list,0,3,,,
from.viewTree.root.children[].children[].children[].children[].children[].children[].children[].children[].clickable,3,3,bool,0,3,False,False,False
from.viewTree.root.children[].children[].children[].children[].children[].children[].children[].children[].enabled,3,3,bool,0,3,True,True,True
from.viewTree.root.children[].children[].children[].children[].children[].children[].children[].children[].focused,3,3,bool,0,3,False,False,False
from.viewTree.root.children[].children[].children[].children[].children[].children[].children[].children[].hint,3,3,str,0,3,'','',''
from.viewTree.root.children[].children[].children[].children[].children[].children[].children[].children[].id,3,3,str,0,3,'','',''
from.viewTree.root.children[].children[].children[].children[].children[].children[].children[].children[].key,3,3,str,0,3,'','',''
from.viewTree.root.children[].children[].children[].children[].children[].children[].children[].children[].longClickable,3,3,bool,0,3,False,False,False
from.viewTree.root.children[].children[].children[].children[].children[].children[].children[].children[].origBounds,3,3,list,0,3,,,
from.viewTree.root.children[].children[].children[].children[].children[].children[].children[].children[].origBounds[],3,3,list,0,3,,,
from.viewTree.root.children[].children[].children[].children[].children[].children[].children[].children[].scrollable,3,3,bool,0,3,False,False,False
from.viewTree.root.children[].children[].children[].children[].children[].children[].children[].children[].selected,3,3,bool,0,3,False,False,False
from.viewTree.root.children[].children[].children[].children[].children[].children[].children[].children[].text,3,3,str,0,3,'','',''
from.viewTree.root.children[].children[].children[].children[].children[].children[].children[].children[].type,3,3,str,0,3,'Row','Row','Row'
from.viewTree.root.children[].children[].children[].children[].children[].children[].children[].children[].visible,3,3,bool,0,3,True,True,True
from.viewTree.root.children[].children[].children[].children[].children[].children[].children[].clickable,3,3,bool,0,3,False,False,False
from.viewTree.root.children[].children[].children[].children[].children[].children[].children[].enabled,3,3,bool,0,3,True,True,True
from.viewTree.root.children[].children[].children[].children[].children[].children[].children[].focused,3,3,bool,0,3,False,False,False
from.viewTree.root.children[].children[].children[].children[].children[].children[].children[].hint,3,3,str,0,3,'','',''
from.viewTree.root.children[].children[].children[].children[].children[].children[].children[].id,3,3,str,0,3,'','',''
from.viewTree.root.children[].children[].children[].children[].children[].children[].children[].key,3,3,str,0,3,'','',''
from.viewTree.root.children[].children[].children[].children[].children[].children[].children[].longClickable,3,3,bool,0,3,False,False,False
from.viewTree.root.children[].children[].children[].children[].children[].children[].children[].origBounds,3,3,list,0,3,,,
from.viewTree.root.children[].children[].children[].children[].children[].children[].children[].origBounds[],3,3,list,0,3,,,
from.viewTree.root.children[].children[].children[].children[].children[].children[].children[].scrollable,3,3,bool,0,3,False,False,False
from.viewTree.root.children[].children[].children[].children[].children[].children[].children[].selected,3,3,bool,0,3,False,False,False
from.viewTree.root.children[].children[].children[].children[].children[].children[].children[].text,3,3,str,0,3,'','',''
from.viewTree.root.children[].children[].children[].children[].children[].children[].children[].type,3,3,str,0,3,'Column','Column','Column'
from.viewTree.root.children[].children[].children[].children[].children[].children[].children[].visible,3,3,bool,0,3,True,True,True
from.viewTree.root.children[].children[].children[].children[].children[].children[].clickable,3,3,bool,0,3,False,False,False
from.viewTree.root.children[].children[].children[].children[].children[].children[].enabled,3,3,bool,0,3,True,True,True
from.viewTree.root.children[].children[].children[].children[].children[].children[].focused,3,3,bool,0,3,False,False,False
from.viewTree.root.children[].children[].children[].children[].children[].children[].hint,3,3,str,0,3,'','',''
from.viewTree.root.children[].children[].children[].children[].children[].children[].id,3,3,str,0,3,'','',''
from.viewTree.root.children[].children[].children[].children[].children[].children[].key,3,3,str,0,3,'','',''
from.viewTree.root.children[].children[].children[].children[].children[].children[].longClickable,3,3,bool,0,3,False,False,False
from.viewTree.root.children[].children[].children[].children[].children[].children[].origBounds,3,3,list,0,3,,,
from.viewTree.root.children[].children[].children[].children[].children[].children[].origBounds[],3,3,list,0,3,,,
from.viewTree.root.children[].children[].children[].children[].children[].children[].scrollable,3,3,bool,0,3,False,False,False
from.viewTree.root.children[].children[].children[].children[].children[].children[].selected,3,3,bool,0,3,False,False,False
from.viewTree.root.children[].children[].children[].children[].children[].children[].text,3,3,str,0,3,'','',''
from.viewTree.root.children[].children[].children[].children[].children[].children[].type,3,3,str,0,3,'Column','Column','Column'
from.viewTree.root.children[].children[].children[].children[].children[].children[].visible,3,3,bool,0,3,True,True,True
to.viewTree.root.children[].children[].children[].children[].children[].children[].bounds,3,3,list,0,3,,,
to.viewTree.root.children[].children[].children[].children[].children[].children[].bounds[],3,3,list,0,3,,,
to.viewTree.root.children[].children[].children[].children[].children[].children[].checkable,3,3,bool,0,3,False,False,False
to.viewTree.root.children[].children[].children[].children[].children[].children[].checked,3,3,bool,0,3,False,False,False
to.viewTree.root.children[].children[].children[].children[].children[].children[].children,3,3,list,0,3,,,
to.viewTree.root.children[].children[].children[].children[].children[].children[].children[],3,3,list,0,3,,,
to.viewTree.root.children[].children[].children[].children[].children[].children[].children[].bounds,3,3,list,0,3,,,
to.viewTree.root.children[].children[].children[].children[].children[].children[].children[].bounds[],3,3,list,0,3,,,
to.viewTree.root.children[].children[].children[].children[].children[].children[].children[].checkable,3,3,bool,0,3,False,False,False
to.viewTree.root.children[].children[].children[].children[].children[].children[].children[].checked,3,3,bool,0,3,False,False,False
to.viewTree.root.children[].children[].children[].children[].children[].children[].children[].children,3,3,list,0,3,,,
to.viewTree.root.children[].children[].children[].children[].children[].children[].children[].children[],3,3,list,0,3,,,
to.viewTree.root.children[].children[].children[].children[].children[].children[].children[].children[].bounds,3,3,list,0,3,,,
to.viewTree.root.children[].children[].children[].children[].children[].children[].children[].children[].bounds[],3,3,list,0,3,,,
to.viewTree.root.children[].children[].children[].children[].children[].children[].children[].children[].checkable,3,3,bool,0,3,False,False,False
to.viewTree.root.children[].children[].children[].children[].children[].children[].children[].children[].checked,3,3,bool,0,3,False,False,False
to.viewTree.root.children[].children[].children[].children[].children[].children[].children[].children[].children,3,3,list,0,3,,,
to.viewTree.root.children[].children[].children[].children[].children[].children[].children[].children[].children[],3,3,list,0,3,,,
to.viewTree.root.children[].children[].children[].children[].children[].children[].children[].children[].clickable,3,3,bool,0,3,False,False,False
to.viewTree.root.children[].children[].children[].children[].children[].children[].children[].children[].enabled,3,3,bool,0,3,True,True,True
to.viewTree.root.children[].children[].children[].children[].children[].children[].children[].children[].focused,3,3,bool,0,3,False,False,False
to.viewTree.root.children[].children[].children[].children[].children[].children[].children[].children[].hint,3,3,str,0,3,'','',''
to.viewTree.root.children[].children[].children[].children[].children[].children[].children[].children[].id,3,3,str,0,3,'','',''
to.viewTree.root.children[].children[].children[].children[].children[].children[].children[].children[].key,3,3,str,0,3,'','',''
to.viewTree.root.children[].children[].children[].children[].children[].children[].children[].children[].longClickable,3,3,bool,0,3,False,False,False
to.viewTree.root.children[].children[].children[].children[].children[].children[].children[].children[].origBounds,3,3,list,0,3,,,
to.viewTree.root.children[].children[].children[].children[].children[].children[].children[].children[].origBounds[],3,3,list,0,3,,,
to.viewTree.root.children[].children[].children[].children[].children[].children[].children[].children[].scrollable,3,3,bool,0,3,False,False,False
to.viewTree.root.children[].children[].children[].children[].children[].children[].children[].children[].selected,3,3,bool,0,3,False,False,False
to.viewTree.root.children[].children[].children[].children[].children[].children[].children[].children[].text,3,3,str,0,3,'','',''
to.viewTree.root.children[].children[].children[].children[].children[].children[].children[].children[].type,3,3,str,0,3,'Row','Row','Row'
to.viewTree.root.children[].children[].children[].children[].children[].children[].children[].children[].visible,3,3,bool,0,3,True,True,True
to.viewTree.root.children[].children[].children[].children[].children[].children[].children[].clickable,3,3,bool,0,3,False,False,False
to.viewTree.root.children[].children[].children[].children[].children[].children[].children[].enabled,3,3,bool,0,3,True,True,True
to.viewTree.root.children[].children[].children[].children[].children[].children[].children[].focused,3,3,bool,0,3,False,False,False
to.viewTree.root.children[].children[].children[].children[].children[].children[].children[].hint,3,3,str,0,3,'','',''
to.viewTree.root.children[].children[].children[].children[].children[].children[].children[].id,3,3,str,0,3,'','',''
to.viewTree.root.children[].children[].children[].children[].children[].children[].children[].key,3,3,str,0,3,'','',''
to.viewTree.root.children[].children[].children[].children[].children[].children[].children[].longClickable,3,3,bool,0,3,False,False,False
to.viewTree.root.children[].children[].children[].children[].children[].children[].children[].origBounds,3,3,list,0,3,,,
to.viewTree.root.children[].children[].children[].children[].children[].children[].children[].origBounds[],3,3,list,0,3,,,
to.viewTree.root.children[].children[].children[].children[].children[].children[].children[].scrollable,3,3,bool,0,3,False,False,False
to.viewTree.root.children[].children[].children[].children[].children[].children[].children[].selected,3,3,bool,0,3,False,False,False
to.viewTree.root.children[].children[].children[].children[].children[].children[].children[].text,3,3,str,0,3,'','',''
to.viewTree.root.children[].children[].children[].children[].children[].children[].children[].type,3,3,str,0,3,'Column','Column','Column'
to.viewTree.root.children[].children[].children[].children[].children[].children[].children[].visible,3,3,bool,0,3,True,True,True
to.viewTree.root.children[].children[].children[].children[].children[].children[].clickable,3,3,bool,0,3,False,False,False
to.viewTree.root.children[].children[].children[].children[].children[].children[].enabled,3,3,bool,0,3,True,True,True
to.viewTree.root.children[].children[].children[].children[].children[].children[].focused,3,3,bool,0,3,False,False,False
to.viewTree.root.children[].children[].children[].children[].children[].children[].hint,3,3,str,0,3,'','',''
to.viewTree.root.children[].children[].children[].children[].children[].children[].id,3,3,str,0,3,'','',''
to.viewTree.root.children[].children[].children[].children[].children[].children[].key,3,3,str,0,3,'','',''
to.viewTree.root.children[].children[].children[].children[].children[].children[].longClickable,3,3,bool,0,3,False,False,False
to.viewTree.root.children[].children[].children[].children[].children[].children[].origBounds,3,3,list,0,3,,,
to.viewTree.root.children[].children[].children[].children[].children[].children[].origBounds[],3,3,list,0,3,,,
to.viewTree.root.children[].children[].children[].children[].children[].children[].scrollable,3,3,bool,0,3,False,False,False
to.viewTree.root.children[].children[].children[].children[].children[].children[].selected,3,3,bool,0,3,False,False,False
to.viewTree.root.children[].children[].children[].children[].children[].children[].text,3,3,str,0,3,'','',''
to.viewTree.root.children[].children[].children[].children[].children[].children[].type,3,3,str,0,3,'Column','Column','Column'
to.viewTree.root.children[].children[].children[].children[].children[].children[].visible,3,3,bool,0,3,True,True,True
event.component.children[].children[].children[].children[].children[].bounds,2,1,list,0,2,,,
event.component.children[].children[].children[].children[].children[].bounds[],2,1,list,0,2,,,
event.component.children[].children[].children[].children[].children[].checkable,2,1,bool,0,2,False,False,
event.component.children[].children[].children[].children[].children[].checked,2,1,bool,0,2,False,False,
event.component.children[].children[].children[].children[].children[].children,2,1,list,0,2,,,
event.component.children[].children[].children[].children[].children[].children[],2,1,list,0,2,,,
event.component.children[].children[].children[].children[].children[].clickable,2,1,bool,0,2,False,False,
event.component.children[].children[].children[].children[].children[].enabled,2,1,bool,0,2,True,True,
event.component.children[].children[].children[].children[].children[].focused,2,1,bool,0,2,False,False,
event.component.children[].children[].children[].children[].children[].hint,2,1,str,0,2,'','',
event.component.children[].children[].children[].children[].children[].id,2,1,str,0,2,'','',
event.component.children[].children[].children[].children[].children[].key,2,1,str,0,2,'','',
event.component.children[].children[].children[].children[].children[].longClickable,2,1,bool,0,2,False,False,
event.component.children[].children[].children[].children[].children[].origBounds,2,1,list,0,2,,,
event.component.children[].children[].children[].children[].children[].origBounds[],2,1,list,0,2,,,
event.component.children[].children[].children[].children[].children[].scrollable,2,1,bool,0,2,False,False,
event.component.children[].children[].children[].children[].children[].selected,2,1,bool,0,2,False,False,
event.component.children[].children[].children[].children[].children[].text,2,1,str,0,2,'','4Yy9pRIVtm',
event.component.children[].children[].children[].children[].children[].type,2,1,str,0,2,'SymbolGlyph','Text',
event.component.children[].children[].children[].children[].children[].visible,2,1,bool,0,2,True,True,
event.abilityName,1,1,str,0,1,'EntryAbility',,
event.bundleName,1,1,str,0,1,'com.example.distributedcontacts',,
event.stop_intent,1,1,str,1,0,'am force-stop com.tencent.mm',,
